{"cameraMode":{"drawMode":0,"name":"Shaded","section":"Shading Mode"},"sceneLighting":true,"audioPlay":false,"sceneViewState":{"showFog":true,"showMaterialUpdate":true,"showSkybox":true,"showFlares":true,"showImageEffects":true,"showParticleSystems":true,"showVisualEffectGraphs":true,"m_FxEnabled":true},"in2DMode":false,"pivot":{"x":0.9922972917556763,"y":0.0027374140918254854,"z":-1.351731538772583},"rotation":{"x":-0.021450424566864969,"y":0.9785484075546265,"z":-0.14339235424995423,"w":-0.14639277756214143},"size":3.4027652740478517,"orthographic":false}