{"cameraMode":{"drawMode":0,"name":"Shaded","section":"Shading Mode"},"sceneLighting":false,"audioPlay":false,"sceneViewState":{"showFog":true,"showMaterialUpdate":true,"showSkybox":false,"showFlares":true,"showImageEffects":true,"showParticleSystems":true,"showVisualEffectGraphs":true,"m_FxEnabled":true},"in2DMode":false,"pivot":{"x":-1.0346932411193848,"y":1.9800000190734864,"z":-0.9988299608230591},"rotation":{"x":-0.014429629780352116,"y":0.9702159762382507,"z":-0.2343454658985138,"w":-0.059744421392679217},"size":1.8287699222564698,"orthographic":false}